Variant_ID,P_Pathogenic_XGBoost,Call_XGBoost,P_Pathogenic_SVM_RBF,Call_SVM_RBF,P_Pathogenic_Transformer,Call_Transformer,P_Pathogenic_Ensemble,P_Benign_Ensemble,Reclassified_As,Model_Agreement,Confidence
VAR00007,0.4293,Pathogenic,0.449,Pathogenic,0.7861,Pathogenic,0.5548,0.4452,Pathogenic,3/3,Low
VAR00015,0.3783,Pathogenic,0.5545,Pathogenic,0.6943,Pathogenic,0.5424,0.4576,Pathogenic,3/3,Low
VAR00025,0.012,Benign,0.0167,Benign,0.0217,Benign,0.0168,0.9832,Benign,3/3,High
VAR00031,0.0535,Benign,0.0551,Benign,0.0247,Benign,0.0444,0.9556,Benign,3/3,High
VAR00035,0.046,Benign,0.0348,Benign,0.023,Benign,0.0346,0.9654,Benign,3/3,High
VAR00038,0.8924,Pathogenic,0.735,Pathogenic,0.8012,Pathogenic,0.8095,0.1905,Pathogenic,3/3,High
VAR00049,0.0748,Benign,0.104,Benign,0.0275,Benign,0.0688,0.9312,Benign,3/3,High
VAR00050,0.6006,Pathogenic,0.5627,Pathogenic,0.7586,Pathogenic,0.6406,0.3594,Pathogenic,3/3,Medium
VAR00075,0.0388,Benign,0.0606,Benign,0.0296,Benign,0.043,0.957,Benign,3/3,High
VAR00088,0.0696,Benign,0.1033,Benign,0.0699,Benign,0.0809,0.9191,Benign,3/3,High
VAR00093,0.0144,Benign,0.0153,Benign,0.0219,Benign,0.0172,0.9828,Benign,3/3,High
VAR00109,0.0248,Benign,0.0342,Benign,0.0255,Benign,0.0282,0.9718,Benign,3/3,High
VAR00111,0.0307,Benign,0.0563,Benign,0.0224,Benign,0.0365,0.9635,Benign,3/3,High
VAR00114,0.0316,Benign,0.0325,Benign,0.0232,Benign,0.0291,0.9709,Benign,3/3,High
VAR00148,0.0519,Benign,0.0669,Benign,0.0307,Benign,0.0498,0.9502,Benign,3/3,High
VAR00152,0.0893,Benign,0.0831,Benign,0.033,Benign,0.0685,0.9315,Benign,3/3,High
VAR00164,0.8806,Pathogenic,0.9017,Pathogenic,0.8015,Pathogenic,0.8613,0.1387,Pathogenic,3/3,High
VAR00170,0.2228,Pathogenic,0.3647,Pathogenic,0.7926,Pathogenic,0.46,0.54,Pathogenic,3/3,Low
VAR00173,0.1246,Benign,0.265,Pathogenic,0.1996,Pathogenic,0.1964,0.8036,Pathogenic,2/3,Medium
VAR00179,0.0409,Benign,0.042,Benign,0.0238,Benign,0.0356,0.9644,Benign,3/3,High
VAR00184,0.143,Benign,0.1227,Benign,0.1712,Pathogenic,0.1456,0.8544,Benign,2/3,Medium
VAR00193,0.6115,Pathogenic,0.7924,Pathogenic,0.8042,Pathogenic,0.736,0.264,Pathogenic,3/3,Medium
VAR00208,0.0065,Benign,0.0037,Benign,0.0217,Benign,0.0106,0.9894,Benign,3/3,High
VAR00209,0.27,Pathogenic,0.1656,Benign,0.0914,Benign,0.1757,0.8243,Benign,2/3,Medium
VAR00224,0.0161,Benign,0.0233,Benign,0.0218,Benign,0.0204,0.9796,Benign,3/3,High
VAR00234,0.1488,Benign,0.2917,Pathogenic,0.0447,Benign,0.1617,0.8383,Benign,2/3,Medium
VAR00254,0.0717,Benign,0.0367,Benign,0.0224,Benign,0.0436,0.9564,Benign,3/3,High
VAR00255,0.0262,Benign,0.0496,Benign,0.0223,Benign,0.0327,0.9673,Benign,3/3,High
VAR00264,0.4933,Pathogenic,0.716,Pathogenic,0.8018,Pathogenic,0.6704,0.3296,Pathogenic,3/3,Medium
VAR00269,0.6323,Pathogenic,0.6235,Pathogenic,0.8003,Pathogenic,0.6853,0.3147,Pathogenic,3/3,Medium
VAR00281,0.0561,Benign,0.0919,Benign,0.0408,Benign,0.0629,0.9371,Benign,3/3,High
VAR00289,0.596,Pathogenic,0.3384,Pathogenic,0.4954,Pathogenic,0.4766,0.5234,Pathogenic,3/3,Low
VAR00301,0.0576,Benign,0.046,Benign,0.0326,Benign,0.0454,0.9546,Benign,3/3,High
VAR00311,0.2868,Pathogenic,0.323,Pathogenic,0.6813,Pathogenic,0.4304,0.5696,Pathogenic,3/3,Low
VAR00316,0.1849,Benign,0.1268,Benign,0.036,Benign,0.1159,0.8841,Benign,3/3,Medium
VAR00318,0.2861,Pathogenic,0.2555,Pathogenic,0.3516,Pathogenic,0.2977,0.7023,Pathogenic,3/3,Low
VAR00319,0.2562,Pathogenic,0.2861,Pathogenic,0.3168,Pathogenic,0.2864,0.7136,Pathogenic,3/3,Low
VAR00330,0.2032,Benign,0.2203,Pathogenic,0.2427,Pathogenic,0.2221,0.7779,Pathogenic,2/3,Medium
VAR00332,0.2076,Benign,0.2013,Benign,0.1673,Pathogenic,0.1921,0.8079,Benign,2/3,Medium
VAR00333,0.416,Pathogenic,0.61,Pathogenic,0.7196,Pathogenic,0.5819,0.4181,Pathogenic,3/3,Low
VAR00335,0.6165,Pathogenic,0.5836,Pathogenic,0.7851,Pathogenic,0.6617,0.3383,Pathogenic,3/3,Medium
VAR00352,0.2317,Pathogenic,0.2277,Pathogenic,0.4154,Pathogenic,0.2916,0.7084,Pathogenic,3/3,Low
VAR00362,0.5413,Pathogenic,0.4086,Pathogenic,0.7475,Pathogenic,0.5658,0.4342,Pathogenic,3/3,Low
VAR00368,0.5851,Pathogenic,0.5,Pathogenic,0.7713,Pathogenic,0.6188,0.3812,Pathogenic,3/3,Medium
VAR00379,0.0201,Benign,0.0313,Benign,0.0244,Benign,0.0253,0.9747,Benign,3/3,High
VAR00407,0.1573,Benign,0.2098,Benign,0.0418,Benign,0.1363,0.8637,Benign,3/3,Medium
VAR00408,0.0217,Benign,0.0298,Benign,0.0223,Benign,0.0246,0.9754,Benign,3/3,High
VAR00409,0.7595,Pathogenic,0.8217,Pathogenic,0.8,Pathogenic,0.7937,0.2063,Pathogenic,3/3,Medium
VAR00413,0.5007,Pathogenic,0.6176,Pathogenic,0.6909,Pathogenic,0.6031,0.3969,Pathogenic,3/3,Medium
VAR00416,0.0135,Benign,0.0154,Benign,0.0216,Benign,0.0168,0.9832,Benign,3/3,High
VAR00448,0.0485,Benign,0.0512,Benign,0.0237,Benign,0.0412,0.9588,Benign,3/3,High
VAR00465,0.7517,Pathogenic,0.7935,Pathogenic,0.8033,Pathogenic,0.7829,0.2171,Pathogenic,3/3,Medium
VAR00475,0.0418,Benign,0.0594,Benign,0.0292,Benign,0.0434,0.9566,Benign,3/3,High
VAR00486,0.1052,Benign,0.1071,Benign,0.049,Benign,0.0871,0.9129,Benign,3/3,High
VAR00514,0.0238,Benign,0.0557,Benign,0.0237,Benign,0.0344,0.9656,Benign,3/3,High
VAR00540,0.6064,Pathogenic,0.721,Pathogenic,0.7082,Pathogenic,0.6786,0.3214,Pathogenic,3/3,Medium
VAR00544,0.7549,Pathogenic,0.8089,Pathogenic,0.8035,Pathogenic,0.7891,0.2109,Pathogenic,3/3,Medium
VAR00554,0.0313,Benign,0.0315,Benign,0.0225,Benign,0.0284,0.9716,Benign,3/3,High
VAR00556,0.1553,Benign,0.1883,Benign,0.2815,Pathogenic,0.2084,0.7916,Benign,2/3,Medium
VAR00563,0.1073,Benign,0.15,Benign,0.038,Benign,0.0984,0.9016,Benign,3/3,High
VAR00575,0.0246,Benign,0.0261,Benign,0.0219,Benign,0.0242,0.9758,Benign,3/3,High
VAR00584,0.1552,Benign,0.0989,Benign,0.0338,Benign,0.096,0.904,Benign,3/3,High
VAR00586,0.0805,Benign,0.098,Benign,0.028,Benign,0.0688,0.9312,Benign,3/3,High
VAR00631,0.6917,Pathogenic,0.5985,Pathogenic,0.7973,Pathogenic,0.6958,0.3042,Pathogenic,3/3,Medium
VAR00635,0.5621,Pathogenic,0.477,Pathogenic,0.7057,Pathogenic,0.5816,0.4184,Pathogenic,3/3,Low
VAR00647,0.0571,Benign,0.1124,Benign,0.108,Pathogenic,0.0925,0.9075,Benign,2/3,High
VAR00651,0.5722,Pathogenic,0.4409,Pathogenic,0.619,Pathogenic,0.544,0.456,Pathogenic,3/3,Low
VAR00675,0.2126,Benign,0.342,Pathogenic,0.7443,Pathogenic,0.433,0.567,Pathogenic,2/3,Low
VAR00684,0.0152,Benign,0.0145,Benign,0.0219,Benign,0.0172,0.9828,Benign,3/3,High
VAR00695,0.0113,Benign,0.01,Benign,0.0219,Benign,0.0144,0.9856,Benign,3/3,High
VAR00700,0.343,Pathogenic,0.4,Pathogenic,0.7807,Pathogenic,0.5079,0.4921,Pathogenic,3/3,Low
VAR00712,0.4291,Pathogenic,0.3296,Pathogenic,0.7046,Pathogenic,0.4878,0.5122,Pathogenic,3/3,Low
VAR00713,0.3433,Pathogenic,0.5967,Pathogenic,0.8115,Pathogenic,0.5838,0.4162,Pathogenic,3/3,Low
VAR00723,0.0988,Benign,0.1071,Benign,0.0455,Benign,0.0838,0.9162,Benign,3/3,High
VAR00745,0.1626,Benign,0.111,Benign,0.064,Benign,0.1125,0.8875,Benign,3/3,Medium
VAR00747,0.5612,Pathogenic,0.5,Pathogenic,0.7945,Pathogenic,0.6186,0.3814,Pathogenic,3/3,Medium
VAR00770,0.6361,Pathogenic,0.5269,Pathogenic,0.7965,Pathogenic,0.6532,0.3468,Pathogenic,3/3,Medium
VAR00774,0.1308,Benign,0.1443,Benign,0.0395,Benign,0.1049,0.8951,Benign,3/3,Medium
VAR00809,0.7596,Pathogenic,0.7962,Pathogenic,0.8073,Pathogenic,0.7877,0.2123,Pathogenic,3/3,Medium
VAR00812,0.1265,Benign,0.134,Benign,0.0342,Benign,0.0983,0.9017,Benign,3/3,High
VAR00814,0.0151,Benign,0.0158,Benign,0.0217,Benign,0.0175,0.9825,Benign,3/3,High
VAR00819,0.3262,Pathogenic,0.3073,Pathogenic,0.5928,Pathogenic,0.4087,0.5913,Pathogenic,3/3,Low
VAR00827,0.1055,Benign,0.0533,Benign,0.025,Benign,0.0613,0.9387,Benign,3/3,High
VAR00829,0.0324,Benign,0.0274,Benign,0.0232,Benign,0.0277,0.9723,Benign,3/3,High
VAR00850,0.5236,Pathogenic,0.3688,Pathogenic,0.587,Pathogenic,0.4931,0.5069,Pathogenic,3/3,Low
VAR00853,0.0151,Benign,0.0349,Benign,0.024,Benign,0.0247,0.9753,Benign,3/3,High
VAR00857,0.4923,Pathogenic,0.5451,Pathogenic,0.7475,Pathogenic,0.595,0.405,Pathogenic,3/3,Low
VAR00863,0.0833,Benign,0.0865,Benign,0.0385,Benign,0.0695,0.9305,Benign,3/3,High
VAR00868,0.0767,Benign,0.1033,Benign,0.0356,Benign,0.0718,0.9282,Benign,3/3,High
VAR00881,0.0896,Benign,0.133,Benign,0.0662,Benign,0.0963,0.9037,Benign,3/3,High
VAR00884,0.1763,Benign,0.1302,Benign,0.0542,Benign,0.1202,0.8798,Benign,3/3,Medium
VAR00897,0.0847,Benign,0.138,Benign,0.0716,Benign,0.0981,0.9019,Benign,3/3,High
VAR00899,0.0869,Benign,0.0734,Benign,0.0747,Benign,0.0783,0.9217,Benign,3/3,High
VAR00906,0.0451,Benign,0.0714,Benign,0.0302,Benign,0.0489,0.9511,Benign,3/3,High
VAR00919,0.0579,Benign,0.0505,Benign,0.0264,Benign,0.0449,0.9551,Benign,3/3,High
VAR00931,0.0914,Benign,0.1418,Benign,0.029,Benign,0.0874,0.9126,Benign,3/3,High
VAR00943,0.0264,Benign,0.0529,Benign,0.0219,Benign,0.0337,0.9663,Benign,3/3,High
VAR00953,0.3535,Pathogenic,0.4292,Pathogenic,0.6942,Pathogenic,0.4923,0.5077,Pathogenic,3/3,Low
VAR00960,0.0189,Benign,0.0138,Benign,0.0215,Benign,0.0181,0.9819,Benign,3/3,High
VAR00970,0.1305,Benign,0.2005,Benign,0.2294,Pathogenic,0.1868,0.8132,Benign,2/3,Medium
VAR00978,0.0047,Benign,0.0064,Benign,0.0217,Benign,0.0109,0.9891,Benign,3/3,High
VAR00986,0.739,Pathogenic,0.6676,Pathogenic,0.8023,Pathogenic,0.7363,0.2637,Pathogenic,3/3,Medium
VAR01005,0.5491,Pathogenic,0.4743,Pathogenic,0.7419,Pathogenic,0.5884,0.4116,Pathogenic,3/3,Low
VAR01017,0.1856,Benign,0.2738,Pathogenic,0.7209,Pathogenic,0.3934,0.6066,Pathogenic,2/3,Low
VAR01028,0.6839,Pathogenic,0.3611,Pathogenic,0.7145,Pathogenic,0.5865,0.4135,Pathogenic,3/3,Low
VAR01038,0.1393,Benign,0.174,Benign,0.143,Pathogenic,0.1521,0.8479,Benign,2/3,Medium
VAR01042,0.6779,Pathogenic,0.8198,Pathogenic,0.7949,Pathogenic,0.7642,0.2358,Pathogenic,3/3,Medium
VAR01057,0.3328,Pathogenic,0.3351,Pathogenic,0.7259,Pathogenic,0.4646,0.5354,Pathogenic,3/3,Low
VAR01066,0.3539,Pathogenic,0.6483,Pathogenic,0.7802,Pathogenic,0.5941,0.4059,Pathogenic,3/3,Low
VAR01075,0.6198,Pathogenic,0.5498,Pathogenic,0.8049,Pathogenic,0.6582,0.3418,Pathogenic,3/3,Medium
VAR01078,0.0175,Benign,0.0142,Benign,0.0232,Benign,0.0183,0.9817,Benign,3/3,High
VAR01084,0.2632,Pathogenic,0.2934,Pathogenic,0.2862,Pathogenic,0.2809,0.7191,Pathogenic,3/3,Low
VAR01088,0.5161,Pathogenic,0.5069,Pathogenic,0.7583,Pathogenic,0.5938,0.4062,Pathogenic,3/3,Low
VAR01101,0.8586,Pathogenic,0.8504,Pathogenic,0.8055,Pathogenic,0.8382,0.1618,Pathogenic,3/3,High
VAR01113,0.0487,Benign,0.0339,Benign,0.0222,Benign,0.0349,0.9651,Benign,3/3,High
VAR01115,0.6632,Pathogenic,0.7378,Pathogenic,0.7978,Pathogenic,0.7329,0.2671,Pathogenic,3/3,Medium
VAR01144,0.7457,Pathogenic,0.6478,Pathogenic,0.7208,Pathogenic,0.7047,0.2953,Pathogenic,3/3,Medium
VAR01162,0.0943,Benign,0.0776,Benign,0.0291,Benign,0.067,0.933,Benign,3/3,High
VAR01189,0.7723,Pathogenic,0.8094,Pathogenic,0.8058,Pathogenic,0.7958,0.2042,Pathogenic,3/3,Medium
VAR01193,0.0612,Benign,0.0783,Benign,0.0239,Benign,0.0544,0.9456,Benign,3/3,High
VAR01198,0.5077,Pathogenic,0.4342,Pathogenic,0.7255,Pathogenic,0.5558,0.4442,Pathogenic,3/3,Low
VAR01200,0.0589,Benign,0.0681,Benign,0.0375,Benign,0.0548,0.9452,Benign,3/3,High
VAR01205,0.1317,Benign,0.151,Benign,0.0468,Benign,0.1098,0.8902,Benign,3/3,Medium
VAR01209,0.0108,Benign,0.0113,Benign,0.0216,Benign,0.0146,0.9854,Benign,3/3,High
VAR01226,0.0241,Benign,0.0228,Benign,0.0234,Benign,0.0234,0.9766,Benign,3/3,High
VAR01242,0.5536,Pathogenic,0.6562,Pathogenic,0.806,Pathogenic,0.6719,0.3281,Pathogenic,3/3,Medium
VAR01245,0.4553,Pathogenic,0.5,Pathogenic,0.7366,Pathogenic,0.564,0.436,Pathogenic,3/3,Low
VAR01254,0.0308,Benign,0.0147,Benign,0.0217,Benign,0.0224,0.9776,Benign,3/3,High
VAR01272,0.2023,Benign,0.2294,Pathogenic,0.5549,Pathogenic,0.3288,0.6712,Pathogenic,2/3,Low
VAR01294,0.57,Pathogenic,0.7401,Pathogenic,0.7922,Pathogenic,0.7008,0.2992,Pathogenic,3/3,Medium
VAR01296,0.0114,Benign,0.0314,Benign,0.0219,Benign,0.0216,0.9784,Benign,3/3,High
VAR01298,0.5107,Pathogenic,0.4186,Pathogenic,0.7602,Pathogenic,0.5631,0.4369,Pathogenic,3/3,Low
VAR01305,0.0385,Benign,0.0581,Benign,0.0313,Benign,0.0426,0.9574,Benign,3/3,High
VAR01319,0.3191,Pathogenic,0.3005,Pathogenic,0.4358,Pathogenic,0.3518,0.6482,Pathogenic,3/3,Low
VAR01327,0.0688,Benign,0.024,Benign,0.0273,Benign,0.04,0.96,Benign,3/3,High
VAR01333,0.0237,Benign,0.0458,Benign,0.0258,Benign,0.0318,0.9682,Benign,3/3,High
VAR01342,0.1143,Benign,0.1562,Benign,0.0629,Benign,0.1112,0.8888,Benign,3/3,Medium
VAR01348,0.9577,Pathogenic,0.9819,Pathogenic,0.8015,Pathogenic,0.9137,0.0863,Pathogenic,3/3,High
VAR01357,0.1139,Benign,0.3306,Pathogenic,0.472,Pathogenic,0.3055,0.6945,Pathogenic,2/3,Low
VAR01361,0.1792,Benign,0.2054,Benign,0.1168,Pathogenic,0.1671,0.8329,Benign,2/3,Medium
VAR01384,0.0032,Benign,0.0023,Benign,0.0218,Benign,0.0091,0.9909,Benign,3/3,High
VAR01397,0.3818,Pathogenic,0.3887,Pathogenic,0.4083,Pathogenic,0.393,0.607,Pathogenic,3/3,Low
VAR01410,0.6488,Pathogenic,0.4742,Pathogenic,0.7839,Pathogenic,0.6356,0.3644,Pathogenic,3/3,Medium
VAR01425,0.9664,Pathogenic,0.968,Pathogenic,0.801,Pathogenic,0.9118,0.0882,Pathogenic,3/3,High
VAR01437,0.0216,Benign,0.0326,Benign,0.023,Benign,0.0257,0.9743,Benign,3/3,High
VAR01441,0.5911,Pathogenic,0.48,Pathogenic,0.7807,Pathogenic,0.6173,0.3827,Pathogenic,3/3,Medium
VAR01447,0.5471,Pathogenic,0.4278,Pathogenic,0.7886,Pathogenic,0.5878,0.4122,Pathogenic,3/3,Low
VAR01459,0.2756,Pathogenic,0.192,Benign,0.1054,Benign,0.191,0.809,Benign,2/3,Medium
VAR01464,0.0752,Benign,0.0854,Benign,0.0279,Benign,0.0628,0.9372,Benign,3/3,High
VAR01468,0.3441,Pathogenic,0.245,Pathogenic,0.6525,Pathogenic,0.4139,0.5861,Pathogenic,3/3,Low
VAR01470,0.119,Benign,0.1402,Benign,0.2677,Pathogenic,0.1756,0.8244,Benign,2/3,Medium
VAR01478,0.1528,Benign,0.2545,Pathogenic,0.042,Benign,0.1498,0.8502,Benign,2/3,Medium
VAR01485,0.6803,Pathogenic,0.4604,Pathogenic,0.7452,Pathogenic,0.6286,0.3714,Pathogenic,3/3,Medium
VAR01494,0.6802,Pathogenic,0.5919,Pathogenic,0.8083,Pathogenic,0.6934,0.3066,Pathogenic,3/3,Medium
VAR01499,0.195,Benign,0.097,Benign,0.0357,Benign,0.1092,0.8908,Benign,3/3,Medium
VAR01509,0.3262,Pathogenic,0.3667,Pathogenic,0.7381,Pathogenic,0.477,0.523,Pathogenic,3/3,Low
VAR01517,0.0525,Benign,0.0303,Benign,0.0254,Benign,0.0361,0.9639,Benign,3/3,High
VAR01519,0.0209,Benign,0.0221,Benign,0.0216,Benign,0.0215,0.9785,Benign,3/3,High
VAR01523,0.0652,Benign,0.0401,Benign,0.0289,Benign,0.0447,0.9553,Benign,3/3,High
VAR01527,0.488,Pathogenic,0.7481,Pathogenic,0.8044,Pathogenic,0.6801,0.3199,Pathogenic,3/3,Medium
VAR01545,0.0269,Benign,0.0342,Benign,0.023,Benign,0.0281,0.9719,Benign,3/3,High
VAR01568,0.0742,Benign,0.0704,Benign,0.0238,Benign,0.0561,0.9439,Benign,3/3,High
VAR01570,0.3011,Pathogenic,0.156,Benign,0.0669,Benign,0.1747,0.8253,Benign,2/3,Medium
VAR01573,0.6956,Pathogenic,0.6489,Pathogenic,0.8036,Pathogenic,0.716,0.284,Pathogenic,3/3,Medium
VAR01576,0.1632,Benign,0.2397,Pathogenic,0.4713,Pathogenic,0.2914,0.7086,Pathogenic,2/3,Low
VAR01578,0.0295,Benign,0.0417,Benign,0.0223,Benign,0.0312,0.9688,Benign,3/3,High
VAR01593,0.3073,Pathogenic,0.4564,Pathogenic,0.6962,Pathogenic,0.4867,0.5133,Pathogenic,3/3,Low
VAR01594,0.1367,Benign,0.0974,Benign,0.0364,Benign,0.0902,0.9098,Benign,3/3,High
VAR01600,0.1419,Benign,0.1167,Benign,0.0478,Benign,0.1021,0.8979,Benign,3/3,Medium
VAR01606,0.0088,Benign,0.0119,Benign,0.0218,Benign,0.0142,0.9858,Benign,3/3,High
VAR01611,0.1515,Benign,0.1655,Benign,0.0697,Benign,0.1289,0.8711,Benign,3/3,Medium
VAR01618,0.1058,Benign,0.1673,Benign,0.0452,Benign,0.1061,0.8939,Benign,3/3,Medium
VAR01619,0.3552,Pathogenic,0.2713,Pathogenic,0.5187,Pathogenic,0.3817,0.6183,Pathogenic,3/3,Low
VAR01628,0.2639,Pathogenic,0.4025,Pathogenic,0.7599,Pathogenic,0.4754,0.5246,Pathogenic,3/3,Low
VAR01641,0.0035,Benign,0.0037,Benign,0.0219,Benign,0.0097,0.9903,Benign,3/3,High
VAR01659,0.8675,Pathogenic,0.8625,Pathogenic,0.8042,Pathogenic,0.8447,0.1553,Pathogenic,3/3,High
VAR01666,0.0833,Benign,0.0839,Benign,0.0359,Benign,0.0677,0.9323,Benign,3/3,High
VAR01672,0.0188,Benign,0.0245,Benign,0.0217,Benign,0.0217,0.9783,Benign,3/3,High
VAR01680,0.0524,Benign,0.0494,Benign,0.0292,Benign,0.0437,0.9563,Benign,3/3,High
VAR01683,0.0215,Benign,0.0139,Benign,0.0219,Benign,0.0191,0.9809,Benign,3/3,High
VAR01716,0.0144,Benign,0.0142,Benign,0.0219,Benign,0.0168,0.9832,Benign,3/3,High
VAR01721,0.4465,Pathogenic,0.5513,Pathogenic,0.7355,Pathogenic,0.5778,0.4222,Pathogenic,3/3,Low
VAR01728,0.0167,Benign,0.0326,Benign,0.022,Benign,0.0237,0.9763,Benign,3/3,High
VAR01731,0.0402,Benign,0.0798,Benign,0.0256,Benign,0.0485,0.9515,Benign,3/3,High
VAR01750,0.0961,Benign,0.1199,Benign,0.0664,Benign,0.0941,0.9059,Benign,3/3,High
VAR01754,0.1554,Benign,0.0603,Benign,0.0272,Benign,0.081,0.919,Benign,3/3,High
VAR01755,0.352,Pathogenic,0.4338,Pathogenic,0.6703,Pathogenic,0.4854,0.5146,Pathogenic,3/3,Low
VAR01756,0.6727,Pathogenic,0.8245,Pathogenic,0.7944,Pathogenic,0.7639,0.2361,Pathogenic,3/3,Medium
VAR01758,0.3882,Pathogenic,0.4119,Pathogenic,0.7499,Pathogenic,0.5167,0.4833,Pathogenic,3/3,Low
VAR01764,0.4222,Pathogenic,0.3742,Pathogenic,0.7311,Pathogenic,0.5091,0.4909,Pathogenic,3/3,Low
VAR01766,0.3908,Pathogenic,0.2184,Pathogenic,0.1122,Pathogenic,0.2405,0.7595,Pathogenic,3/3,Medium
VAR01774,0.0296,Benign,0.0425,Benign,0.0219,Benign,0.0313,0.9687,Benign,3/3,High
VAR01779,0.4748,Pathogenic,0.472,Pathogenic,0.7894,Pathogenic,0.5787,0.4213,Pathogenic,3/3,Low
VAR01825,0.2829,Pathogenic,0.4156,Pathogenic,0.525,Pathogenic,0.4078,0.5922,Pathogenic,3/3,Low
VAR01833,0.1522,Benign,0.2761,Pathogenic,0.192,Pathogenic,0.2068,0.7932,Pathogenic,2/3,Medium
VAR01839,0.0257,Benign,0.0471,Benign,0.0223,Benign,0.0317,0.9683,Benign,3/3,High
VAR01842,0.9407,Pathogenic,0.9132,Pathogenic,0.803,Pathogenic,0.8856,0.1144,Pathogenic,3/3,High
VAR01855,0.1507,Benign,0.1802,Benign,0.1396,Pathogenic,0.1568,0.8432,Benign,2/3,Medium
VAR01863,0.1486,Benign,0.1342,Benign,0.0497,Benign,0.1108,0.8892,Benign,3/3,Medium
VAR01869,0.051,Benign,0.0943,Benign,0.0275,Benign,0.0576,0.9424,Benign,3/3,High
VAR01877,0.0813,Benign,0.2028,Benign,0.0407,Benign,0.1083,0.8917,Benign,3/3,Medium
VAR01922,0.0135,Benign,0.0148,Benign,0.0215,Benign,0.0166,0.9834,Benign,3/3,High
VAR01927,0.0426,Benign,0.0619,Benign,0.0331,Benign,0.0459,0.9541,Benign,3/3,High
VAR01958,0.1312,Benign,0.1192,Benign,0.1134,Pathogenic,0.1213,0.8787,Benign,2/3,Medium
VAR01995,0.0555,Benign,0.0504,Benign,0.0241,Benign,0.0433,0.9567,Benign,3/3,High
VAR02004,0.4288,Pathogenic,0.4827,Pathogenic,0.7926,Pathogenic,0.5681,0.4319,Pathogenic,3/3,Low
VAR02011,0.1993,Benign,0.2108,Benign,0.1725,Pathogenic,0.1942,0.8058,Benign,2/3,Medium
VAR02047,0.0663,Benign,0.0731,Benign,0.0236,Benign,0.0543,0.9457,Benign,3/3,High
VAR02065,0.0226,Benign,0.0283,Benign,0.0219,Benign,0.0243,0.9757,Benign,3/3,High
VAR02075,0.4045,Pathogenic,0.3216,Pathogenic,0.7296,Pathogenic,0.4852,0.5148,Pathogenic,3/3,Low
VAR02076,0.05,Benign,0.0229,Benign,0.0225,Benign,0.0318,0.9682,Benign,3/3,High
VAR02092,0.1335,Benign,0.11,Benign,0.1018,Benign,0.1151,0.8849,Benign,3/3,Medium
VAR02097,0.2532,Pathogenic,0.2449,Pathogenic,0.7581,Pathogenic,0.4188,0.5812,Pathogenic,3/3,Low
VAR02102,0.0032,Benign,0.0053,Benign,0.0217,Benign,0.0101,0.9899,Benign,3/3,High
VAR02108,0.3859,Pathogenic,0.2641,Pathogenic,0.5049,Pathogenic,0.385,0.615,Pathogenic,3/3,Low
VAR02125,0.0115,Benign,0.0157,Benign,0.0219,Benign,0.0164,0.9836,Benign,3/3,High
VAR02144,0.0362,Benign,0.0339,Benign,0.0251,Benign,0.0317,0.9683,Benign,3/3,High
VAR02162,0.4737,Pathogenic,0.5778,Pathogenic,0.7448,Pathogenic,0.5987,0.4013,Pathogenic,3/3,Low
VAR02166,0.6839,Pathogenic,0.6378,Pathogenic,0.7948,Pathogenic,0.7055,0.2945,Pathogenic,3/3,Medium
VAR02172,0.0113,Benign,0.0102,Benign,0.0228,Benign,0.0147,0.9853,Benign,3/3,High
VAR02176,0.019,Benign,0.0259,Benign,0.0223,Benign,0.0224,0.9776,Benign,3/3,High
VAR02202,0.0154,Benign,0.018,Benign,0.0221,Benign,0.0185,0.9815,Benign,3/3,High
VAR02216,0.567,Pathogenic,0.4803,Pathogenic,0.805,Pathogenic,0.6174,0.3826,Pathogenic,3/3,Medium
VAR02230,0.074,Benign,0.0579,Benign,0.0319,Benign,0.0546,0.9454,Benign,3/3,High
VAR02241,0.0299,Benign,0.0524,Benign,0.0302,Benign,0.0375,0.9625,Benign,3/3,High
VAR02260,0.1662,Benign,0.2505,Pathogenic,0.5864,Pathogenic,0.3344,0.6656,Pathogenic,2/3,Low
VAR02282,0.6879,Pathogenic,0.6047,Pathogenic,0.7805,Pathogenic,0.691,0.309,Pathogenic,3/3,Medium
VAR02290,0.2941,Pathogenic,0.2869,Pathogenic,0.764,Pathogenic,0.4483,0.5517,Pathogenic,3/3,Low
VAR02332,0.149,Benign,0.2101,Benign,0.3633,Pathogenic,0.2408,0.7592,Benign,2/3,Medium
VAR02345,0.2209,Pathogenic,0.1587,Benign,0.0458,Benign,0.1418,0.8582,Benign,2/3,Medium
VAR02347,0.0704,Benign,0.0812,Benign,0.0318,Benign,0.0611,0.9389,Benign,3/3,High
VAR02356,0.4956,Pathogenic,0.6581,Pathogenic,0.803,Pathogenic,0.6523,0.3477,Pathogenic,3/3,Medium
VAR02374,0.0659,Benign,0.1398,Benign,0.0265,Benign,0.0774,0.9226,Benign,3/3,High
VAR02375,0.0646,Benign,0.0449,Benign,0.024,Benign,0.0445,0.9555,Benign,3/3,High
VAR02376,0.4614,Pathogenic,0.6299,Pathogenic,0.7813,Pathogenic,0.6242,0.3758,Pathogenic,3/3,Medium
VAR02393,0.0316,Benign,0.0226,Benign,0.0218,Benign,0.0253,0.9747,Benign,3/3,High
VAR02394,0.0093,Benign,0.0218,Benign,0.0224,Benign,0.0178,0.9822,Benign,3/3,High
VAR02399,0.5968,Pathogenic,0.3929,Pathogenic,0.8062,Pathogenic,0.5987,0.4013,Pathogenic,3/3,Low
VAR02410,0.7015,Pathogenic,0.5979,Pathogenic,0.7926,Pathogenic,0.6973,0.3027,Pathogenic,3/3,Medium
VAR02416,0.0539,Benign,0.061,Benign,0.0252,Benign,0.0467,0.9533,Benign,3/3,High
VAR02439,0.1768,Benign,0.2587,Pathogenic,0.0911,Benign,0.1755,0.8245,Benign,2/3,Medium
VAR02455,0.1911,Benign,0.1247,Benign,0.0549,Benign,0.1236,0.8764,Benign,3/3,Medium
VAR02463,0.0922,Benign,0.0472,Benign,0.0238,Benign,0.0544,0.9456,Benign,3/3,High
VAR02467,0.5156,Pathogenic,0.5998,Pathogenic,0.7813,Pathogenic,0.6322,0.3678,Pathogenic,3/3,Medium
VAR02484,0.4327,Pathogenic,0.4755,Pathogenic,0.7106,Pathogenic,0.5396,0.4604,Pathogenic,3/3,Low
VAR02493,0.1671,Benign,0.1069,Benign,0.027,Benign,0.1003,0.8997,Benign,3/3,Medium
VAR02504,0.0242,Benign,0.023,Benign,0.0226,Benign,0.0233,0.9767,Benign,3/3,High
VAR02516,0.2864,Pathogenic,0.3164,Pathogenic,0.0997,Benign,0.2342,0.7658,Pathogenic,2/3,Medium
VAR02524,0.6597,Pathogenic,0.5128,Pathogenic,0.8011,Pathogenic,0.6579,0.3421,Pathogenic,3/3,Medium
VAR02529,0.0403,Benign,0.04,Benign,0.0221,Benign,0.0341,0.9659,Benign,3/3,High
VAR02535,0.01,Benign,0.0152,Benign,0.0217,Benign,0.0156,0.9844,Benign,3/3,High
VAR02561,0.2597,Pathogenic,0.1778,Benign,0.0736,Benign,0.1704,0.8296,Benign,2/3,Medium
VAR02566,0.4145,Pathogenic,0.2557,Pathogenic,0.4718,Pathogenic,0.3807,0.6193,Pathogenic,3/3,Low
VAR02573,0.01,Benign,0.0128,Benign,0.0215,Benign,0.0148,0.9852,Benign,3/3,High
VAR02579,0.8438,Pathogenic,0.8689,Pathogenic,0.8068,Pathogenic,0.8398,0.1602,Pathogenic,3/3,High
VAR02580,0.0195,Benign,0.0241,Benign,0.0221,Benign,0.0219,0.9781,Benign,3/3,High
VAR02595,0.9279,Pathogenic,0.9027,Pathogenic,0.8058,Pathogenic,0.8788,0.1212,Pathogenic,3/3,High
VAR02596,0.0174,Benign,0.0256,Benign,0.022,Benign,0.0217,0.9783,Benign,3/3,High
VAR02621,0.0187,Benign,0.0217,Benign,0.0219,Benign,0.0208,0.9792,Benign,3/3,High
VAR02635,0.5369,Pathogenic,0.4021,Pathogenic,0.7318,Pathogenic,0.5569,0.4431,Pathogenic,3/3,Low
VAR02648,0.0108,Benign,0.0098,Benign,0.0216,Benign,0.0141,0.9859,Benign,3/3,High
VAR02651,0.2943,Pathogenic,0.1104,Benign,0.1822,Pathogenic,0.1957,0.8043,Pathogenic,2/3,Medium
VAR02659,0.2811,Pathogenic,0.2741,Pathogenic,0.6152,Pathogenic,0.3901,0.6099,Pathogenic,3/3,Low
VAR02668,0.0601,Benign,0.0565,Benign,0.027,Benign,0.0479,0.9521,Benign,3/3,High
VAR02671,0.1735,Benign,0.2751,Pathogenic,0.7886,Pathogenic,0.4124,0.5876,Pathogenic,2/3,Low
VAR02673,0.0678,Benign,0.0612,Benign,0.0297,Benign,0.0529,0.9471,Benign,3/3,High
VAR02684,0.5022,Pathogenic,0.5878,Pathogenic,0.7628,Pathogenic,0.6176,0.3824,Pathogenic,3/3,Medium
VAR02702,0.5969,Pathogenic,0.4287,Pathogenic,0.6597,Pathogenic,0.5618,0.4382,Pathogenic,3/3,Low
VAR02706,0.0668,Benign,0.063,Benign,0.0221,Benign,0.0506,0.9494,Benign,3/3,High
VAR02714,0.5813,Pathogenic,0.5426,Pathogenic,0.7939,Pathogenic,0.6393,0.3607,Pathogenic,3/3,Medium
VAR02716,0.3881,Pathogenic,0.403,Pathogenic,0.6945,Pathogenic,0.4952,0.5048,Pathogenic,3/3,Low
VAR02728,0.5754,Pathogenic,0.5643,Pathogenic,0.7324,Pathogenic,0.624,0.376,Pathogenic,3/3,Medium
VAR02740,0.4122,Pathogenic,0.3899,Pathogenic,0.71,Pathogenic,0.504,0.496,Pathogenic,3/3,Low
VAR02743,0.3096,Pathogenic,0.4106,Pathogenic,0.5049,Pathogenic,0.4084,0.5916,Pathogenic,3/3,Low
VAR02748,0.279,Pathogenic,0.4833,Pathogenic,0.7139,Pathogenic,0.4921,0.5079,Pathogenic,3/3,Low
VAR02774,0.0801,Benign,0.0924,Benign,0.1451,Pathogenic,0.1059,0.8941,Benign,2/3,Medium
VAR02786,0.1366,Benign,0.0706,Benign,0.0357,Benign,0.081,0.919,Benign,3/3,High
VAR02790,0.5021,Pathogenic,0.4411,Pathogenic,0.7755,Pathogenic,0.5729,0.4271,Pathogenic,3/3,Low
VAR02791,0.0377,Benign,0.0612,Benign,0.0256,Benign,0.0415,0.9585,Benign,3/3,High
VAR02799,0.0522,Benign,0.0456,Benign,0.025,Benign,0.0409,0.9591,Benign,3/3,High
VAR02801,0.5838,Pathogenic,0.5839,Pathogenic,0.7878,Pathogenic,0.6518,0.3482,Pathogenic,3/3,Medium
VAR02810,0.0063,Benign,0.0104,Benign,0.0217,Benign,0.0128,0.9872,Benign,3/3,High
VAR02826,0.0301,Benign,0.036,Benign,0.0221,Benign,0.0294,0.9706,Benign,3/3,High
VAR02844,0.128,Benign,0.2694,Pathogenic,0.5737,Pathogenic,0.3237,0.6763,Pathogenic,2/3,Low
VAR02853,0.0335,Benign,0.0283,Benign,0.022,Benign,0.0279,0.9721,Benign,3/3,High
VAR02861,0.1429,Benign,0.0775,Benign,0.0303,Benign,0.0835,0.9165,Benign,3/3,High
VAR02878,0.2064,Benign,0.3195,Pathogenic,0.7369,Pathogenic,0.4209,0.5791,Pathogenic,2/3,Low
VAR02881,0.2278,Pathogenic,0.2277,Pathogenic,0.1646,Pathogenic,0.2067,0.7933,Pathogenic,3/3,Medium
VAR02884,0.3957,Pathogenic,0.3372,Pathogenic,0.7156,Pathogenic,0.4829,0.5171,Pathogenic,3/3,Low
VAR02896,0.7493,Pathogenic,0.6982,Pathogenic,0.8036,Pathogenic,0.7504,0.2496,Pathogenic,3/3,Medium
VAR02897,0.9377,Pathogenic,0.9121,Pathogenic,0.8034,Pathogenic,0.8844,0.1156,Pathogenic,3/3,High
VAR02919,0.2123,Benign,0.3053,Pathogenic,0.2901,Pathogenic,0.2693,0.7307,Pathogenic,2/3,Low
VAR02925,0.2758,Pathogenic,0.294,Pathogenic,0.6346,Pathogenic,0.4014,0.5986,Pathogenic,3/3,Low
VAR02926,0.7257,Pathogenic,0.7679,Pathogenic,0.786,Pathogenic,0.7599,0.2401,Pathogenic,3/3,Medium
VAR02935,0.0289,Benign,0.0265,Benign,0.0218,Benign,0.0258,0.9742,Benign,3/3,High
VAR02949,0.4114,Pathogenic,0.4114,Pathogenic,0.7512,Pathogenic,0.5247,0.4753,Pathogenic,3/3,Low
VAR02951,0.0269,Benign,0.0478,Benign,0.0234,Benign,0.0327,0.9673,Benign,3/3,High
VAR02968,0.0402,Benign,0.0761,Benign,0.0317,Benign,0.0493,0.9507,Benign,3/3,High
VAR02970,0.0319,Benign,0.0394,Benign,0.0238,Benign,0.0317,0.9683,Benign,3/3,High
VAR02989,0.038,Benign,0.051,Benign,0.0221,Benign,0.0371,0.9629,Benign,3/3,High
VAR02992,0.166,Benign,0.061,Benign,0.0365,Benign,0.0878,0.9122,Benign,3/3,High
VAR03012,0.337,Pathogenic,0.2672,Pathogenic,0.7469,Pathogenic,0.4503,0.5497,Pathogenic,3/3,Low
VAR03014,0.2546,Pathogenic,0.1766,Benign,0.7068,Pathogenic,0.3793,0.6207,Pathogenic,2/3,Low
VAR03015,0.0364,Benign,0.0525,Benign,0.0272,Benign,0.0387,0.9613,Benign,3/3,High
VAR03020,0.0104,Benign,0.016,Benign,0.0216,Benign,0.016,0.984,Benign,3/3,High
VAR03044,0.7046,Pathogenic,0.7146,Pathogenic,0.808,Pathogenic,0.7424,0.2576,Pathogenic,3/3,Medium
VAR03047,0.6852,Pathogenic,0.5933,Pathogenic,0.7338,Pathogenic,0.6707,0.3293,Pathogenic,3/3,Medium
VAR03075,0.0342,Benign,0.0219,Benign,0.0228,Benign,0.0263,0.9737,Benign,3/3,High
VAR03080,0.4837,Pathogenic,0.5,Pathogenic,0.6437,Pathogenic,0.5425,0.4575,Pathogenic,3/3,Low
VAR03085,0.7616,Pathogenic,0.7554,Pathogenic,0.7966,Pathogenic,0.7712,0.2288,Pathogenic,3/3,Medium
VAR03116,0.0435,Benign,0.0746,Benign,0.0304,Benign,0.0495,0.9505,Benign,3/3,High
VAR03128,0.0409,Benign,0.0503,Benign,0.0248,Benign,0.0387,0.9613,Benign,3/3,High
VAR03135,0.5636,Pathogenic,0.4467,Pathogenic,0.6802,Pathogenic,0.5635,0.4365,Pathogenic,3/3,Low
VAR03150,0.0076,Benign,0.0105,Benign,0.0217,Benign,0.0133,0.9867,Benign,3/3,High
VAR03151,0.113,Benign,0.1022,Benign,0.0966,Benign,0.104,0.896,Benign,3/3,Medium
VAR03182,0.0669,Benign,0.0477,Benign,0.0309,Benign,0.0485,0.9515,Benign,3/3,High
VAR03184,0.1107,Benign,0.1008,Benign,0.026,Benign,0.0791,0.9209,Benign,3/3,High
VAR03192,0.4158,Pathogenic,0.2105,Benign,0.1558,Pathogenic,0.2607,0.7393,Pathogenic,2/3,Low
VAR03194,0.096,Benign,0.1106,Benign,0.0519,Benign,0.0862,0.9138,Benign,3/3,High
VAR03203,0.0936,Benign,0.0483,Benign,0.0253,Benign,0.0557,0.9443,Benign,3/3,High
VAR03219,0.044,Benign,0.0444,Benign,0.0238,Benign,0.0374,0.9626,Benign,3/3,High
VAR03221,0.7974,Pathogenic,0.8046,Pathogenic,0.806,Pathogenic,0.8027,0.1973,Pathogenic,3/3,High
VAR03224,0.4626,Pathogenic,0.3385,Pathogenic,0.6984,Pathogenic,0.4998,0.5002,Pathogenic,3/3,Low
VAR03231,0.3934,Pathogenic,0.559,Pathogenic,0.7717,Pathogenic,0.5747,0.4253,Pathogenic,3/3,Low
VAR03249,0.3687,Pathogenic,0.4119,Pathogenic,0.5645,Pathogenic,0.4484,0.5516,Pathogenic,3/3,Low
VAR03256,0.0306,Benign,0.0503,Benign,0.0227,Benign,0.0345,0.9655,Benign,3/3,High
VAR03264,0.0056,Benign,0.0113,Benign,0.0214,Benign,0.0128,0.9872,Benign,3/3,High
VAR03271,0.0335,Benign,0.0514,Benign,0.0277,Benign,0.0375,0.9625,Benign,3/3,High
VAR03272,0.3937,Pathogenic,0.5066,Pathogenic,0.6251,Pathogenic,0.5085,0.4915,Pathogenic,3/3,Low
VAR03274,0.1956,Benign,0.2927,Pathogenic,0.3343,Pathogenic,0.2742,0.7258,Pathogenic,2/3,Low
VAR03278,0.0601,Benign,0.0714,Benign,0.029,Benign,0.0535,0.9465,Benign,3/3,High
VAR03281,0.0365,Benign,0.1084,Benign,0.0304,Benign,0.0584,0.9416,Benign,3/3,High
VAR03295,0.2244,Pathogenic,0.2156,Pathogenic,0.6585,Pathogenic,0.3662,0.6338,Pathogenic,3/3,Low
VAR03298,0.3647,Pathogenic,0.3092,Pathogenic,0.7417,Pathogenic,0.4718,0.5282,Pathogenic,3/3,Low
VAR03312,0.1275,Benign,0.2052,Benign,0.601,Pathogenic,0.3112,0.6888,Benign,2/3,Low
VAR03321,0.0583,Benign,0.0559,Benign,0.0229,Benign,0.0457,0.9543,Benign,3/3,High
VAR03325,0.0174,Benign,0.0311,Benign,0.0221,Benign,0.0236,0.9764,Benign,3/3,High
VAR03333,0.1812,Benign,0.2474,Pathogenic,0.0755,Benign,0.168,0.832,Benign,2/3,Medium
VAR03341,0.0094,Benign,0.0136,Benign,0.0215,Benign,0.0148,0.9852,Benign,3/3,High
VAR03346,0.0843,Benign,0.1251,Benign,0.0316,Benign,0.0803,0.9197,Benign,3/3,High
VAR03398,0.4115,Pathogenic,0.4568,Pathogenic,0.6907,Pathogenic,0.5197,0.4803,Pathogenic,3/3,Low
