Gene,rate,lo,hi,n
PALB2,0.21176470588235294,0.16608606300458875,0.26599904232623905,255
TP53,0.21830985915492956,0.17419789965277116,0.26994082108808076,284
BRCA2,0.22137404580152673,0.17532998435250371,0.27547079325340895,262
ATM,0.2222222222222222,0.17601881419855886,0.2764841158547258,261
PTEN,0.2261904761904762,0.17887183582086993,0.28173191274855747,252
BRCA1,0.22868217054263565,0.18163637763752127,0.2836892237947951,258
MSH2,0.23193916349809887,0.1850091019401477,0.28658753066886083,263
APC,0.24380165289256198,0.19398191871877657,0.30162826279647553,242
CHEK2,0.2440944881889764,0.19533729114563664,0.3004771934061191,254
MLH1,0.25680933852140075,0.2072521596058942,0.3135298015536753,257
