feature,level,n,pathogenic_rate,odds_ratio,or_ci_low,or_ci_high,fisher_p,fisher_q
Variant_Type,Frameshift,243,0.6131687242798354,6.890652557319224,5.222066051228934,9.092396036338146,5.315228662105102e-43,1.8071777451157346e-42
Variant_Type,Missense,1441,0.14295628036086053,0.3468717325315938,0.28673311436836524,0.41962365977336963,7.703615423536446e-29,2.1826910366686597e-28
Variant_Type,Nonsense,192,0.671875,8.638484357011404,6.293569552420227,11.857088630669676,2.5947023098450377e-43,1.470331308912188e-42
Variant_Type,Splice_site,194,0.4690721649484536,3.393979713006281,2.5199569622887066,4.571148819079901,8.299481956001017e-15,2.015588475028818e-14
Variant_Type,Synonymous,574,0.03832752613240418,0.10582574271438176,0.06867835628361914,0.16306575210976154,3.602597935185255e-43,1.5311041224537333e-42
In_Functional_Domain,No,1594,0.06524466750313676,0.08569085690856909,0.06790472559276128,0.10813566940483486,4.465576710371977e-123,3.79574020381618e-122
In_Functional_Domain,Yes,1049,0.449952335557674,11.669856459330143,9.247642387603225,14.726515588873848,4.465576710371977e-123,3.79574020381618e-122
Gene,APC,242,0.24380165289256198,1.091593688612889,0.8023513336976447,1.4851060015418664,0.6303978376741657,0.9269785293536215
Gene,ATM,261,0.2222222222222222,0.9552948745149302,0.7032473621123637,1.2976775263448261,0.8161065450963504,0.9909865190455683
Gene,BRCA1,258,0.22868217054263565,0.9951693186454509,0.733460419726952,1.3502595997503677,1.0,1.0
Gene,BRCA2,262,0.22137404580152673,0.950092282964769,0.6995214882461782,1.2904183235491027,0.7572583973752056,0.9902609811829611
Gene,CHEK2,254,0.2440944881889764,1.0936911544956447,0.8092258587035069,1.4781538782490617,0.5831728773866054,0.9269785293536215
Gene,MLH1,257,0.25680933852140075,1.1792387594342988,0.8777159308535619,1.5843440945634977,0.3100222054602907,0.6587971866031177
Gene,MSH2,263,0.23193916349809887,1.015464951412664,0.7513305128358728,1.372457327275861,0.9385033790413411,0.9971598402314249
Gene,PALB2,255,0.21176470588235294,0.8931790374038032,0.6522945494032228,1.2230192534759863,0.48184433606742666,0.9101504125718058
Gene,PTEN,252,0.2261904761904762,0.9799378509513166,0.7191753549330122,1.335249025345884,0.9372590008633499,0.9971598402314249
Gene,TP53,284,0.21830985915492956,0.930461105096646,0.691514126643846,1.2519742326877545,0.6543377854260858,0.9269785293536215
