feature,missing_benign,missing_pathogenic,chi2_p
Age,0.13095861707700368,0.13736263736263737,0.750670884037001
BMI,0.12572027239392353,0.12087912087912088,0.8192354157066428
Exon_Number,0.14195914091147196,0.13736263736263737,0.8395616251878604
CADD_Phred,0.1361969617600838,0.17765567765567766,0.018550282482820292
REVEL_Score,0.14614981665793608,0.13186813186813187,0.4404978614778934
SIFT_Score,0.14719748559455212,0.15934065934065933,0.526767097620694
PolyPhen2_Score,0.13724463069669984,0.11172161172161173,0.13779776268560393
SpliceAI_Score,0.13986380303823992,0.15934065934065933,0.2831131797855684
GERP_RS,0.13357778941854373,0.11355311355311355,0.24683639709289118
PhyloP_100way,0.14457831325301204,0.12637362637362637,0.31272760455840887
gnomAD_AF,0.1361969617600838,0.15567765567765568,0.2778470649293776
Variant_Allele_Freq,0.12991094814038764,0.15384615384615385,0.17030724740995942
Read_Depth,0.14143530644316396,0.15018315018315018,0.6562605053322846
Tumor_Mutational_Burden,0.1320062860136197,0.11904761904761904,0.4691321569303456
Ki67_Index,0.1503404924044002,0.11721611721611722,0.06003915914057309
PD_L1_TPS,0.14248297537978,0.11355311355311355,0.0953288886773447
CEA_ng_mL,0.13724463069669984,0.1446886446886447,0.7088920893064758
CA125_U_mL,0.1356731272917758,0.163003663003663,0.12235144808435716
HRD_Score,0.13305395495023573,0.14652014652014653,0.46017898826532466
Sex,0.14248297537978,0.1446886446886447,0.9517477805226028
Ethnicity,0.15295966474594028,0.13736263736263737,0.4047065683529544
Smoking_Status,0.1288632792037716,0.13186813186813187,0.9107265137308559
Alcohol_Use,0.13095861707700368,0.1391941391941392,0.6682510467132551
Family_History_Cancer,0.12676794133053956,0.17399267399267399,0.0058320435730336425
Cancer_Type,0.1393399685699319,0.12454212454212454,0.41302279813727405
Gene,0.16553169198533263,0.11721611721611722,0.007246249784666886
Variant_Type,0.143006809848088,0.12087912087912088,0.21083516753865494
In_Functional_Domain,0.13724463069669984,0.15934065934065933,0.2171016685675376
