feature,lower_fence,upper_fence,n_low,n_high,pct_outliers,n_abs_z_gt_3
Tumor_Mutational_Burden,-26.606249999999996,44.34374999999999,0,18,0.841908325537886,19
PD_L1_TPS,-25.699999999999992,70.29999999999998,0,8,0.3771805752003772,5
GERP_RS,-11.69,14.79,8,0,0.37418147801683815,8
Read_Depth,22.5,618.5,4,3,0.33285782215882076,2
Age,19.0,91.0,7,0,0.32863849765258213,0
PhyloP_100way,-16.28,21.0,4,0,0.18957345971563982,4
BMI,14.250000000000002,41.05,0,4,0.18613308515588647,1
Exon_Number,-14.0,42.0,0,0,0.0,0
PolyPhen2_Score,-1.2269999999999999,2.045,0,0,0.0,0
CADD_Phred,-35.732499999999995,60.1075,0,0,0.0,0
REVEL_Score,-1.0065,1.6775,0,0,0.0,0
gnomAD_AF,-11.179247848128384,4.5126714737365905,0,0,0.0,0
SpliceAI_Score,-0.6525,1.0875,0,0,0.0,0
SIFT_Score,-0.96,1.76,0,0,0.0,0
Variant_Allele_Freq,-0.795,1.581,0,0,0.0,0
Ki67_Index,-78.67500000000001,131.125,0,0,0.0,0
CEA_ng_mL,-2.035976540315768,2.9294937077284837,0,0,0.0,0
CA125_U_mL,-1.4832068833542311,4.134009579984786,0,0,0.0,0
HRD_Score,-81.0,135.0,0,0,0.0,0
