Model,feature,auc_drop_mean,auc_drop_sd
XGBoost,REVEL_Score,0.011990831897612497,0.003308131198728126
XGBoost,PolyPhen2_Score,0.01084635737140035,0.0043194642644883005
XGBoost,gnomAD_AF,0.00302270489785863,0.002370968557918499
XGBoost,CADD_Phred,0.003774920009844818,0.001144751547089517
XGBoost,GERP_RS,0.004510214127491907,0.0033587412015718423
XGBoost,HRD_Score,0.0036580113216833853,0.0015580472706967132
XGBoost,SIFT_Score,0.0028473418656164485,0.0015088474514270607
XGBoost,PhyloP_100way,0.0025566084174254433,0.001996850350520565
XGBoost,SpliceAI_Score,0.004751722864878039,0.0019581842748634293
XGBoost,Tumor_Mutational_Burden,-0.0006399212404628151,0.0006579850379064049
XGBoost,Variant_Allele_Freq,0.0018259291164162915,0.001060427561548072
XGBoost,Age,0.0019289933546639438,0.0008238363286083201
XGBoost,Ki67_Index,0.000839896628107184,0.0005119558506485089
XGBoost,Variant_Type,0.011147858725079896,0.0035231206020698174
XGBoost,In_Functional_Domain,0.007339096726556649,0.001880476594114246
XGBoost,Family_History_Cancer,0.00019997538764447985,0.0011907657790833177
SVM-RBF,REVEL_Score,0.006108478956436114,0.002402793506245865
SVM-RBF,PolyPhen2_Score,0.00826667487078513,0.0037762699878319205
SVM-RBF,gnomAD_AF,0.00387952252030519,0.00154899963676266
SVM-RBF,CADD_Phred,0.005968496185084915,0.0017036251901805654
SVM-RBF,GERP_RS,0.004171794240708848,0.002660640016496204
SVM-RBF,HRD_Score,0.0037118508491262637,0.001194892981627298
SVM-RBF,SIFT_Score,0.0021474280088604526,0.0013730008031387372
SVM-RBF,PhyloP_100way,0.0022643366970219294,0.0014313174510048844
SVM-RBF,SpliceAI_Score,0.002178193453113475,0.0009189087658618416
SVM-RBF,Tumor_Mutational_Burden,-0.0008968126999754023,0.0012968474114825577
SVM-RBF,Variant_Allele_Freq,0.002381245385183395,0.0009861464722515365
SVM-RBF,Age,0.0022458774304701225,0.0010989768089768623
SVM-RBF,Ki67_Index,0.00035995569776030577,0.0009254519734264393
SVM-RBF,Variant_Type,0.005683915825744545,0.0023562720302901835
SVM-RBF,In_Functional_Domain,0.005493170071375853,0.0018789030090750156
SVM-RBF,Family_History_Cancer,0.0003676470588235059,0.001282303753372371
Transformer,REVEL_Score,0.006254614816638038,0.002098839261446882
Transformer,PolyPhen2_Score,0.008375892197883417,0.003291041636999432
Transformer,gnomAD_AF,0.00545471326605963,0.0016075820456681604
Transformer,CADD_Phred,0.007366785626384498,0.0021089644714887426
Transformer,GERP_RS,0.006185392567068748,0.0023097806534564764
Transformer,HRD_Score,0.007834420379030349,0.001035270913188441
Transformer,SIFT_Score,0.0064961235540241915,0.0025948883199668786
Transformer,PhyloP_100way,0.004125646074329381,0.0017179656573205158
Transformer,SpliceAI_Score,0.001559808023627951,0.0007895458423662302
Transformer,Tumor_Mutational_Burden,0.002867339404381075,0.00123367513394529
Transformer,Variant_Allele_Freq,0.0005453174993847787,0.00039022497643908296
Transformer,Age,0.0022520305193207803,0.0016020527216833553
Transformer,Ki67_Index,0.0014175178439577384,0.0008219906219582301
Transformer,Variant_Type,0.012721511198621771,0.004193957502432078
Transformer,In_Functional_Domain,0.011051716711789405,0.002668446642196234
Transformer,Family_History_Cancer,0.002733509721880456,0.0013024006776758306
