param_clf__C,param_clf__class_weight,param_clf__gamma,mean_train_score,mean_test_score,std_test_score,gap,chosen
13.145103232150124,,0.00042079886696066364,0.9345630298368046,0.9334283651862576,0.0034837094284552498,0.0011346646505470126,True
85.68869785189007,,0.00015339162591163628,0.9349321991085177,0.9329987512439338,0.0037511235168657927,0.001933447864583826,False
2.2233337605920376,,0.0013296521457299515,0.9341286735347245,0.9328881168454348,0.00417238664186285,0.0012405566892896847,False
13.826232179369875,,0.0033872555658521486,0.9379907754891995,0.9327263682252331,0.0044236452216531415,0.005264407263966375,False
4.467752817973908,balanced,0.005019072833961319,0.937096693066521,0.9326806732222892,0.004693670924001933,0.004416019844231789,False
17.12337597316399,,0.00011584172310543988,0.9335488775586699,0.9326059376524636,0.004512492055024111,0.0009429399062063082,False
1.4817820606039094,,0.0015314189711654778,0.9338003881296938,0.9325960816517783,0.004487262254266575,0.0012043064779154733,False
56.78201970293127,balanced,0.000533703276260396,0.9353397949944234,0.9325852929549961,0.004761448704818201,0.0027545020394272868,False
2.69264691008618,,0.006338653441536257,0.9369089473387662,0.9325757486934834,0.003650931389807681,0.00433319864528281,False
1.211537999246959,balanced,0.0020013420622879987,0.9339254540062469,0.9324317717275241,0.004557530485019328,0.0014936822787228188,False
12.273800987852969,balanced,0.0014926318309209366,0.935414457584541,0.9323936907246445,0.004871513677583117,0.0030207668598964954,False
0.358681649862755,balanced,0.014413469371110328,0.9354250443267531,0.9321614773612777,0.004011864652846862,0.003263566965475362,False
0.3807158379249394,balanced,0.024637685958997457,0.9371674946915005,0.931757064551177,0.004265027014654464,0.005410430140323497,False
2.801635158716261,balanced,0.00015369603110608845,0.9319411222576562,0.9311837205128125,0.005363474412766963,0.0007574017448437331,False
0.31489116479568624,,0.000541675458324746,0.9316422772174725,0.9310799805928612,0.00593993424176589,0.0005622966246112693,False
0.049369486949604593,,0.0010842262717330165,0.9316407918910805,0.931007931022757,0.005887100247270968,0.0006328608683234815,False
0.0838639478040256,balanced,0.005762487216478602,0.931861071165277,0.9309626749760744,0.005365145129447806,0.0008983961892026215,False
0.010672476836323726,,0.0014618962793704966,0.9316296813040882,0.9308639254043003,0.005890731886948924,0.0007657558997878899,False
0.042070539502879395,,0.006870614282613298,0.9315801815822138,0.9306189568659459,0.005937007428243466,0.0009612247162679166,False
0.05415244119402541,balanced,0.027964859516062448,0.9324831383467173,0.9300539775230785,0.004845944447232648,0.002429160823638754,False
0.06788387912421222,balanced,0.0005488047000766049,0.9298803733078287,0.9293884043044807,0.0066093203781712635,0.0004919690033480251,False
0.21618942406574443,balanced,0.06796578090758151,0.941032021543772,0.9288384010489841,0.005200406688012329,0.012193620494787893,False
75.5681014127443,balanced,0.006295301484516136,0.9511578459441049,0.9283070760127492,0.005399889869309684,0.022850769931355708,False
0.011384639705304647,,0.06720930050156111,0.9325430783689065,0.9278599895482567,0.006257675473678539,0.004683088820649828,False
78.52755494724258,,0.006672367170464205,0.95146444860739,0.9264871223241247,0.006178642675178928,0.024977326283265322,False
0.012087541473056965,balanced,0.07726718477963429,0.9291278206489546,0.9258540137604652,0.006031102264417444,0.003273806888489439,False
0.030771802712506867,,0.215168972980833,0.9724689598735272,0.9205172642242431,0.008966409236758096,0.051951695649284146,False
48.696409415209004,balanced,0.01913268395452648,0.978320754141564,0.9082173077382178,0.010256416687117484,0.0701034464033462,False
0.01129951608310662,,0.7286653737491037,1.0,0.9005293940871262,0.012019579727272583,0.09947060591287382,False
0.045821336908433555,,0.8862326508576243,1.0,0.8912538336325284,0.012763081751930092,0.10874616636747159,False
