param_clf__colsample_bytree,param_clf__gamma,param_clf__learning_rate,param_clf__max_depth,param_clf__min_child_weight,param_clf__n_estimators,param_clf__reg_alpha,param_clf__reg_lambda,param_clf__subsample,mean_train_score,mean_test_score,std_test_score,gap,chosen
0.5477050582452057,1.8540912609913318,0.07416218762063824,2,3,271,0.22819491501562741,8.48625105707848,0.7888859700647797,0.954260434084244,0.92879158378502,0.006446699841538894,0.025468850299223966,True
0.8171756723506819,3.403527257773834,0.04906387199510777,3,6,515,0.15572825002401855,0.018488396886275404,0.7478617824245618,0.964471144471071,0.9285305219411141,0.005930393298010556,0.03594062252995689,False
0.652848509643591,0.9545551557517301,0.0223508396015234,4,18,380,0.02883712079859193,6.120302673382016,0.9720067339243328,0.9599748525350341,0.9280786060408701,0.008092794957119518,0.031896246494164004,False
0.848507870497634,3.5124204199355464,0.029356803839267386,2,10,346,0.0357072822440619,0.07010464684974409,0.8446054843462723,0.9537693256703041,0.9280638843876771,0.007853591083431538,0.025705441282627084,False
0.7433710764797276,4.53049393859277,0.036741772138466126,2,1,383,0.29807807431516214,7.122673772839921,0.6920741072966221,0.9486914772572245,0.9277419694527932,0.006554251776813157,0.020949507804431278,False
0.9281621459390462,2.0225406356109503,0.14289450480222818,5,11,212,0.003961500957894168,9.250268291768506,0.842571623863836,0.9645004125572341,0.9276398505765382,0.005250580022877913,0.03686056198069587,False
0.9037200775820313,4.480456499617466,0.025925793627054272,2,1,476,0.24876331066607357,0.01003963167443737,0.7410275425336676,0.9548160445567895,0.9275558875272114,0.007158753512296307,0.02726015702957807,False
0.621079969138713,4.015698781899479,0.04091431009289761,3,6,569,0.09589908986012562,0.019863201087301646,0.9341209982356952,0.9609925883264024,0.927471516695541,0.006753427732480854,0.03352107163086149,False
0.6616014660103776,2.5939531087168306,0.08215779086695435,2,17,541,3.631312919132879,0.06778614103931155,0.7988994023569542,0.9480236260355994,0.9273930714295645,0.00677045509992976,0.020630554606034912,False
0.8288064461501716,2.841543016677358,0.01323956398333528,4,22,474,0.008442105093228753,0.8854853112762804,0.9915571433100037,0.9567106701890346,0.9273320961643371,0.008390753607106118,0.029378574024697457,False
0.6246461145744375,2.0519146151781484,0.09616005310543453,5,13,259,0.164129027861976,1.9656487045966617,0.9521871356061031,0.9646346448149765,0.9272707754646005,0.0077066926776756415,0.037363869350376056,False
0.535208065424772,1.044593588076801,0.07467544972618054,4,2,226,0.08265817959373872,7.874714691188984,0.8963074471016818,0.978192184304606,0.9272179702871082,0.007392329686177053,0.0509742140174978,False
0.6975751180009072,4.6332943289689705,0.08834921226320053,4,8,561,0.005308046630775945,0.01410251717517135,0.7301321323053057,0.9596590606382976,0.9272068648083138,0.007249505827168641,0.03245219582998382,False
0.635771457909871,4.826259151953849,0.039347368373725884,3,13,579,0.09235594232027475,0.6090497273948655,0.8549719605992826,0.9541187889771614,0.927078269190649,0.0076648490121408374,0.02704051978651245,False
0.5826334695315012,0.07818203370596966,0.035551507962283124,2,12,235,0.0010481565330759974,4.9188393156326695,0.8827429375390468,0.9499697252216734,0.9270477036232423,0.00704551550693266,0.022922021598431153,False
0.5554454104059157,2.1966825093288507,0.01829964787073232,5,7,340,0.014547666775759168,0.4773172243051107,0.9630265895704372,0.9726268116188563,0.926954037921397,0.007057178883718221,0.04567277369745937,False
0.6850793501277221,0.07728308264433714,0.1613504925344338,2,14,280,0.1308858438002452,17.222808136717372,0.6301385024024513,0.963338817991449,0.9269014821352423,0.006275333495835737,0.03643733585620679,False
0.7495966899423762,2.8600209960459155,0.09997969922417038,5,17,271,3.0111202104859034,14.091163251738429,0.9659457560881795,0.9509727273330004,0.9267977759106284,0.007787813274750743,0.024174951422372026,False
0.6668543055695109,0.7143340896097039,0.07027897634919636,2,2,443,1.1999975480350795,0.05022706182399988,0.6727299868828402,0.9766990504764468,0.9266880480771487,0.0065555161565161845,0.05001100239929812,False
0.6523906290790145,0.8232792657147087,0.049529774984761375,3,5,324,0.002775737535769128,0.1301600802806069,0.9771638815650077,0.9795993632141299,0.9264823788458656,0.008293246061014573,0.053116984368264286,False
0.6045358103688568,2.707239869137829,0.08039635775045267,4,28,243,1.0540965827892146,0.68035335806845,0.8118602313424026,0.947914716340204,0.9264083914500537,0.006243497121075573,0.021506324890150252,False
0.831261142176991,1.5585553804470549,0.04749239763680407,3,4,409,0.0013056504703477952,6.031249654775616,0.7799016533479063,0.974192205893974,0.9263423036624001,0.006347071419820275,0.047849902231573926,False
0.6603900324858679,0.9325925519992712,0.011299251679907115,5,28,542,0.0065262698728076746,2.226003987590715,0.9238004184558861,0.9512887695491923,0.9262964814423678,0.007831788665342872,0.024992288106824523,False
0.9868777594207296,1.1638567021515211,0.013118424770919554,3,19,463,0.07982478599323917,0.90277237617151,0.6185801650879991,0.9484826979294464,0.9261527252152488,0.007011173580957278,0.022329972714197566,False
0.6872700594236812,4.75357153204958,0.08960785365368121,2,21,202,0.04457814368987925,0.02138061513134765,0.7836995567863468,0.9474396153882163,0.9259656145503985,0.0064004488047225,0.021474000837817808,False
0.6154469128110744,1.2051273301300585,0.0774366101159884,5,29,363,0.0013403002793227006,10.039080181561518,0.7035119926400067,0.9500284603539001,0.9258764092401369,0.0044678208806625316,0.024152051113763173,False
0.5597971229691509,3.566223936114975,0.09767966657678313,3,23,354,0.008855009775264168,0.013597920316776905,0.8842651558743149,0.9511686113456929,0.9257824966683735,0.007508980305859035,0.025386114677319327,False
0.6209261454502258,0.46551383902949606,0.14699569423568365,2,27,108,0.010753176352482494,2.050700344788146,0.9386644568953224,0.9514670768428998,0.9255691224366945,0.00665363739756852,0.025897954406205237,False
0.5045985258083148,0.5073577143301605,0.0729853514738843,2,18,483,0.013475092646802238,0.4008903173262004,0.7793696571944989,0.9655161658586472,0.9253380987250223,0.007157117190307278,0.04017806713362493,False
0.5917022549267169,1.5212112147976886,0.048164145309070844,5,25,148,0.08732241283327245,0.20890703332534774,0.6186662652854461,0.9442649829398055,0.9249781600922538,0.006614825329280196,0.019286822847551788,False
0.8037724259507192,0.8526206184364576,0.012151617026673379,5,25,415,0.12122333327045808,0.1871851689288996,0.6063865008880857,0.9437619729098701,0.9245622677163521,0.006406105831281596,0.01919970519351799,False
0.9972287313054103,0.8796262633867269,0.01055641828442685,3,21,403,0.5770976635605863,1.3946257701792606,0.9396893641976711,0.9502582794855889,0.9239462002828598,0.008779152675530491,0.026312079202729155,False
0.6943386448447411,1.3567451588694794,0.11973258472758717,3,25,351,0.17595494383969618,0.08148573338727383,0.718509402281633,0.961595653656825,0.922719170374042,0.0061241168653554485,0.038876483282782925,False
0.5407970902001202,0.02592431386993388,0.06560085020052901,5,1,363,0.3949611902644747,4.2358002547535785,0.9560021367270265,0.999863902068048,0.9226959668939416,0.00939146023678243,0.07716793517410636,False
0.6743329936458646,0.4808827554571038,0.1673589639740721,5,7,437,1.255060189798278,1.7000956029393164,0.8940864476963089,0.9947218143631833,0.920323942385604,0.007385469650072935,0.0743978719775793,False
0.8121770240668966,1.47816842918857,0.01371674915054392,5,28,207,0.004899108428855473,8.838204109004732,0.8157368967662603,0.938980709064702,0.9194549158052666,0.0068394654794832685,0.019525793259435376,False
0.6689975784257679,1.87791476319972,0.013251752704998034,4,22,150,0.052751292265204905,0.6184238300869324,0.7146165008513138,0.9389063447178365,0.9184356463016062,0.00527622273681458,0.020470698416230282,False
0.6504391549083848,1.424202471887338,0.011168401671455937,2,2,229,0.03314466111269353,0.012855869660776844,0.7380284992106732,0.9380536893255007,0.917303066485404,0.006414113715307828,0.020750622840096655,False
0.7954166302845054,0.15250124969524714,0.01118384434102376,3,15,153,0.09697321362277818,0.11975276432689769,0.9311476015150355,0.9401715140159934,0.9145903814322465,0.005890607023276864,0.025581132583746946,False
0.8645035840204937,3.8563517334297286,0.012483440997339655,4,26,140,2.4233067667238775,6.397390230002519,0.7797802696552814,0.9297924502703043,0.9116554974074133,0.004007462696329781,0.018136952862891076,False
