Model,noise_sd,rep,AUC
XGBoost,0.0,0,0.9469142259414225
SVM-RBF,0.0,0,0.9498830913118386
Transformer,0.0,0,0.9521597341865617
XGBoost,0.0,1,0.9469142259414225
SVM-RBF,0.0,1,0.9498830913118386
Transformer,0.0,1,0.9521597341865617
XGBoost,0.0,2,0.9469142259414225
SVM-RBF,0.0,2,0.9498830913118386
Transformer,0.0,2,0.9521597341865617
XGBoost,0.0,3,0.9469142259414225
SVM-RBF,0.0,3,0.9498830913118386
Transformer,0.0,3,0.9521597341865617
XGBoost,0.0,4,0.9469142259414225
SVM-RBF,0.0,4,0.9498830913118386
Transformer,0.0,4,0.9521597341865617
XGBoost,0.1,0,0.9445145212896874
SVM-RBF,0.1,0,0.9464681269997539
Transformer,0.1,0,0.9517136352448929
XGBoost,0.1,1,0.9446991139552056
SVM-RBF,0.1,1,0.9496677332020674
Transformer,0.1,1,0.9527596603494954
XGBoost,0.1,2,0.9443299286241693
SVM-RBF,0.1,2,0.9478218065468865
Transformer,0.1,2,0.951867462466158
XGBoost,0.1,3,0.941530273197145
SVM-RBF,0.1,3,0.9442453236524735
Transformer,0.1,3,0.946714250553778
XGBoost,0.1,4,0.9466373369431456
SVM-RBF,0.1,4,0.9494523750922963
Transformer,0.1,4,0.9518520797440315
XGBoost,0.25,0,0.933377430470096
SVM-RBF,0.25,0,0.9402073590942653
Transformer,0.25,0,0.9412687669209944
XGBoost,0.25,1,0.9424532365247354
SVM-RBF,0.25,1,0.9439992000984495
Transformer,0.25,1,0.9465296578882599
XGBoost,0.25,2,0.9421301993600788
SVM-RBF,0.25,2,0.9460066453359587
Transformer,0.25,2,0.9530365493477725
XGBoost,0.25,3,0.9394536057100664
SVM-RBF,0.25,3,0.941984063499877
Transformer,0.25,3,0.9462527688899828
XGBoost,0.25,4,0.9427147428008861
SVM-RBF,0.25,4,0.944837558454344
Transformer,0.25,4,0.9494677578144228
XGBoost,0.5,0,0.9333005168594635
SVM-RBF,0.5,0,0.9418917671671179
Transformer,0.5,0,0.9448221757322175
XGBoost,0.5,1,0.9355925424563131
SVM-RBF,0.5,1,0.9430070145212897
Transformer,0.5,1,0.9467296332759045
XGBoost,0.5,2,0.9345619000738372
SVM-RBF,0.5,2,0.9420225203051932
Transformer,0.5,2,0.9484524981540735
XGBoost,0.5,3,0.9308546640413489
SVM-RBF,0.5,3,0.9345003691853311
Transformer,0.5,3,0.9405765444253016
XGBoost,0.5,4,0.9316545655919272
SVM-RBF,0.5,4,0.9345926655180901
Transformer,0.5,4,0.944745262121585
XGBoost,0.75,0,0.9211174009352695
SVM-RBF,0.75,0,0.9274396997292641
Transformer,0.75,0,0.9317160964804332
XGBoost,0.75,1,0.9258398966281073
SVM-RBF,0.75,1,0.9292087127738125
Transformer,0.75,1,0.9345465173517106
XGBoost,0.75,2,0.92107125276889
SVM-RBF,0.75,2,0.9258398966281074
Transformer,0.75,2,0.9281473049470834
XGBoost,0.75,3,0.9136260152596604
SVM-RBF,0.75,3,0.9202636598572485
Transformer,0.75,3,0.9259629584051194
XGBoost,0.75,4,0.925163056854541
SVM-RBF,0.75,4,0.933985047994093
Transformer,0.75,4,0.9287164656657642
XGBoost,1.0,0,0.908703544179178
SVM-RBF,1.0,0,0.911641644105341
Transformer,1.0,0,0.921286610878661
XGBoost,1.0,1,0.9165948806300762
SVM-RBF,1.0,1,0.9213481417671672
Transformer,1.0,1,0.9282396012798424
XGBoost,1.0,2,0.9051809008122078
SVM-RBF,1.0,2,0.9142336327836573
Transformer,1.0,2,0.9211481663795226
XGBoost,1.0,3,0.9194406842234802
SVM-RBF,1.0,3,0.9226556731479203
Transformer,1.0,3,0.9320852818114693
XGBoost,1.0,4,0.8987663056854541
SVM-RBF,1.0,4,0.9075421486586267
Transformer,1.0,4,0.914764336697022
