Model,perm,AUC_real,AUC_null
XGBoost,0,0.9469142259414225,0.4876015259660349
XGBoost,1,0.9469142259414225,0.5159057346788087
XGBoost,2,0.9469142259414225,0.5241816391828699
XGBoost,3,0.9469142259414225,0.5036610878661089
XGBoost,4,0.9469142259414225,0.44434531134629585
SVM-RBF,0,0.9498830913118386,0.4848018705390106
SVM-RBF,1,0.9498830913118386,0.5039225941422594
SVM-RBF,2,0.9498830913118386,0.48420194437607683
SVM-RBF,3,0.9498830913118386,0.5199821560423332
SVM-RBF,4,0.9498830913118386,0.518490031996062
Transformer,0,0.9521597341865617,0.5384106571498892
Transformer,1,0.9521597341865617,0.5145212896874232
Transformer,2,0.9521597341865617,0.48375584543440797
Transformer,3,0.9521597341865617,0.4527442776273689
Transformer,4,0.9521597341865617,0.4863093773074083
