Model,extra_missing,rep,AUC
XGBoost,0.0,0,0.9469142259414225
SVM-RBF,0.0,0,0.9498830913118386
Transformer,0.0,0,0.9521597341865617
XGBoost,0.0,1,0.9469142259414225
SVM-RBF,0.0,1,0.9498830913118386
Transformer,0.0,1,0.9521597341865617
XGBoost,0.0,2,0.9469142259414225
SVM-RBF,0.0,2,0.9498830913118386
Transformer,0.0,2,0.9521597341865617
XGBoost,0.0,3,0.9469142259414225
SVM-RBF,0.0,3,0.9498830913118386
Transformer,0.0,3,0.9521597341865617
XGBoost,0.0,4,0.9469142259414225
SVM-RBF,0.0,4,0.9498830913118386
Transformer,0.0,4,0.9521597341865617
XGBoost,0.1,0,0.938530642382476
SVM-RBF,0.1,0,0.9465142751661334
Transformer,0.1,0,0.9429147181885308
XGBoost,0.1,1,0.9439453605710066
SVM-RBF,0.1,1,0.94683731233079
Transformer,0.1,1,0.9467450159980311
XGBoost,0.1,2,0.945622077282796
SVM-RBF,0.1,2,0.9481140782672901
Transformer,0.1,2,0.9464373615555008
XGBoost,0.1,3,0.9480063992124046
SVM-RBF,0.1,3,0.9496908072852572
Transformer,0.1,3,0.9523750922963329
XGBoost,0.1,4,0.9452375092296331
SVM-RBF,0.1,4,0.9480679301009108
Transformer,0.1,4,0.9517905488555255
XGBoost,0.2,0,0.9378538026089097
SVM-RBF,0.2,0,0.938284518828452
Transformer,0.2,0,0.9321775781442285
XGBoost,0.2,1,0.9371154319468373
SVM-RBF,0.2,1,0.9413226064484371
Transformer,0.2,1,0.937346172778735
XGBoost,0.2,2,0.9397766428747231
SVM-RBF,0.2,2,0.945837435392567
Transformer,0.2,2,0.9442837804577899
XGBoost,0.2,3,0.9431916071868078
SVM-RBF,0.2,3,0.9404380999261629
Transformer,0.2,3,0.9410226433669703
XGBoost,0.2,4,0.9474680039379769
SVM-RBF,0.2,4,0.9495908195914349
Transformer,0.2,4,0.9485755599310854
XGBoost,0.3,0,0.9210251046025105
SVM-RBF,0.3,0,0.9267474772335713
Transformer,0.3,0,0.9227633522028058
XGBoost,0.3,1,0.9324544671425055
SVM-RBF,0.3,1,0.9375769136106326
Transformer,0.3,1,0.9349618508491262
XGBoost,0.3,2,0.9339465911887768
SVM-RBF,0.3,2,0.9390844203790303
Transformer,0.3,2,0.9351002953482648
XGBoost,0.3,3,0.9294702190499632
SVM-RBF,0.3,3,0.9326544425301502
Transformer,0.3,3,0.9350387644597589
XGBoost,0.3,4,0.9409303470342112
SVM-RBF,0.3,4,0.9417763967511692
Transformer,0.3,4,0.9419302239724342
XGBoost,0.4,0,0.9164718188530642
SVM-RBF,0.4,0,0.9290087373861678
Transformer,0.4,0,0.9297317253261137
XGBoost,0.4,1,0.9215788825990647
SVM-RBF,0.4,1,0.9222480310115678
Transformer,0.4,1,0.9233325129214865
XGBoost,0.4,2,0.9094111493969973
SVM-RBF,0.4,2,0.9097803347280334
Transformer,0.4,2,0.9061807777504308
XGBoost,0.4,3,0.9305470095988186
SVM-RBF,0.4,3,0.9419148412503077
Transformer,0.4,3,0.9419456066945607
XGBoost,0.4,4,0.924317007137583
SVM-RBF,0.4,4,0.9298855525473788
Transformer,0.4,4,0.9269936007875954
XGBoost,0.5,0,0.9073652473541718
SVM-RBF,0.5,0,0.9099649273935515
Transformer,0.5,0,0.9012275412256954
XGBoost,0.5,1,0.9152412010829436
SVM-RBF,0.5,1,0.9173486340142751
Transformer,0.5,1,0.9165641151858233
XGBoost,0.5,2,0.9199944622200344
SVM-RBF,0.5,2,0.921132783657396
Transformer,0.5,2,0.9247015751907457
XGBoost,0.5,3,0.9105648535564853
SVM-RBF,0.5,3,0.9072114201329067
Transformer,0.5,3,0.9054270243662319
XGBoost,0.5,4,0.9083805070145213
SVM-RBF,0.5,4,0.9095034457297563
Transformer,0.5,4,0.9068422348018705
