Model,Metric,estimate,ci_low,ci_high
XGBoost,Accuracy,0.9071661237785016,0.8843241042345277,0.9283387622149837
XGBoost,Sensitivity,0.9117647058823529,0.8594732218390057,0.9548956346089104
XGBoost,Specificity,0.9058577405857741,0.8792343779102254,0.9305284640171858
XGBoost,PPV,0.7337278106508875,0.6706569214512151,0.796518623305559
XGBoost,NPV,0.9730337078651685,0.9564220183486238,0.9863983710075959
XGBoost,AUC,0.9469142259414225,0.9240200681741944,0.9660736584102688
XGBoost,F1,0.8131147540983606,0.7631511123168747,0.8571428571428571
SVM-RBF,Accuracy,0.9120521172638436,0.8892508143322475,0.9332247557003257
SVM-RBF,Sensitivity,0.9117647058823529,0.8630109368095449,0.9571653346653347
SVM-RBF,Specificity,0.9121338912133892,0.8869416996047431,0.9364455026011075
SVM-RBF,PPV,0.7469879518072289,0.6818056943056943,0.809563492063492
SVM-RBF,NPV,0.9732142857142857,0.9583284883720931,0.9870410367170627
SVM-RBF,AUC,0.9498830913118386,0.9278332400035896,0.9680806856203773
SVM-RBF,F1,0.8211920529801324,0.7709902845246356,0.864205495818399
Transformer,Accuracy,0.8957654723127035,0.8697068403908795,0.9201954397394136
Transformer,Sensitivity,0.9338235294117647,0.8874122392072897,0.975609756097561
Transformer,Specificity,0.8849372384937239,0.8552860988512224,0.9147732478240953
Transformer,PPV,0.6978021978021978,0.6318468296409473,0.7653631284916201
Transformer,NPV,0.9791666666666666,0.9652777777777778,0.9928741092636579
Transformer,AUC,0.9521597341865617,0.9316975147315705,0.9698542511380103
Transformer,F1,0.7987421383647799,0.7492611321814862,0.8448914084956883
