Model,prevalence,PPV,NPV,Sensitivity,Specificity
SVM-RBF,0.05,0.35640844279727024,0.9950850514679328,0.9143333333333333,0.9121052631578948
SVM-RBF,0.1,0.5416732994437828,0.989067827005066,0.9089166666666667,0.9137962962962963
SVM-RBF,0.2,0.7226892110472716,0.9762812395694255,0.9111666666666666,0.91221875
SVM-RBF,0.3,0.8169567598448488,0.960895565687189,0.91325,0.912
SVM-RBF,0.4,0.876357611646898,0.9408793736238127,0.9136875000000001,0.9137777777777778
SVM-RBF,0.5,0.9115322061485339,0.9127561559373386,0.9127,0.9112
Transformer,0.05,0.30139206457168144,0.9961104607443056,0.9343333333333333,0.8848596491228071
Transformer,0.1,0.4781009699253125,0.9916137675295432,0.9324166666666666,0.8860462962962963
Transformer,0.2,0.6729342450330928,0.9813202224378876,0.932375,0.8861979166666667
Transformer,0.3,0.7773884982136657,0.9696144750755711,0.9351944444444444,0.8848333333333334
Transformer,0.4,0.8456705603826804,0.95397604069377,0.9357708333333333,0.8858055555555555
Transformer,0.5,0.8902469179333441,0.9316020477134631,0.9348833333333333,0.8844333333333333
XGBoost,0.05,0.3397174704967907,0.994956600445943,0.9126666666666666,0.905578947368421
XGBoost,0.1,0.5222611743264551,0.9890233904017869,0.90925,0.9068981481481481
XGBoost,0.2,0.7088994516073219,0.9760698146207445,0.9109166666666667,0.9059895833333332
XGBoost,0.3,0.8066358870368749,0.9605864752978845,0.9131111111111112,0.9058095238095238
XGBoost,0.4,0.8672975419242205,0.9406182812475119,0.9139791666666666,0.9064583333333333
XGBoost,0.5,0.9070397246776143,0.9126943235560167,0.9131,0.9061833333333333
