Model,attribute,group,n,AUC,AUC_ci_low,AUC_ci_high,overall_AUC,Sensitivity,Specificity
XGBoost,Sex,Female,287,0.9620539075440446,0.9420646650547532,0.9834324591134387,0.9469142259414225,0.9137931034482759,0.925764192139738
XGBoost,Sex,Male,240,0.9210046975361902,0.874183294313532,0.9614313208228422,0.9469142259414225,0.8947368421052632,0.8743169398907104
XGBoost,Ethnicity,Asian,49,0.9615384615384617,0.8764214046822743,1.0,0.9469142259414225,0.8,0.9487179487179487
XGBoost,Ethnicity,Black,85,0.9252136752136753,0.8519699934768428,0.9763333333333333,0.9469142259414225,0.8461538461538461,0.9027777777777778
XGBoost,Ethnicity,Hispanic,75,0.9309133489461359,0.86573832223238,0.9891404742211194,0.9469142259414225,0.8571428571428571,0.9016393442622951
XGBoost,Ethnicity,White,292,0.9440025252525253,0.9121268414304748,0.9719139435602849,0.9469142259414225,0.9305555555555556,0.9045454545454545
XGBoost,Age_band,45-65,299,0.94581589958159,0.9174344848969592,0.969835139870252,0.9469142259414225,0.9166666666666666,0.9079497907949791
XGBoost,Age_band,<45,113,0.9164912280701754,0.8492417998667999,0.9665812522439028,0.9469142259414225,0.8421052631578947,0.8533333333333334
XGBoost,Age_band,>65,101,0.9828282828282828,0.9552933832709113,1.0,0.9469142259414225,1.0,0.9444444444444444
XGBoost,Cancer_Type,Breast,150,0.9513888888888888,0.907797311440678,0.9855077093449186,0.9469142259414225,0.8666666666666667,0.9083333333333333
XGBoost,Cancer_Type,Colorectal,98,0.9265753424657535,0.8486698804873144,0.9859496753246754,0.9469142259414225,0.88,0.9041095890410958
XGBoost,Cancer_Type,Lung,92,0.89413988657845,0.8204057324566971,0.953702270381837,0.9469142259414225,0.9130434782608695,0.855072463768116
XGBoost,Cancer_Type,Ovarian,64,0.9557142857142857,0.8994951923076923,0.9972064860426929,0.9469142259414225,0.8571428571428571,0.92
XGBoost,Cancer_Type,Pancreatic,48,0.9936974789915967,0.9722222222222222,1.0,0.9469142259414225,0.9285714285714286,0.9117647058823529
XGBoost,Cancer_Type,Prostate,62,0.9358288770053476,0.8582809224318658,0.9952904238618525,0.9469142259414225,1.0,0.8823529411764706
SVM-RBF,Sex,Female,287,0.9605481102243638,0.9351130800193489,0.9798977911199297,0.9498830913118386,0.9137931034482759,0.9344978165938864
SVM-RBF,Sex,Male,240,0.9257022337263924,0.8753129044214806,0.9635222347243187,0.9498830913118386,0.8947368421052632,0.8743169398907104
SVM-RBF,Ethnicity,Asian,49,0.9487179487179488,0.8514673311184939,1.0,0.9498830913118386,0.9,0.9487179487179487
SVM-RBF,Ethnicity,Black,85,0.9348290598290597,0.8703001482213438,0.9781473960821787,0.9498830913118386,0.8461538461538461,0.9166666666666666
SVM-RBF,Ethnicity,Hispanic,75,0.9473067915690866,0.8882470692729402,0.989691114896033,0.9498830913118386,0.8571428571428571,0.8852459016393442
SVM-RBF,Ethnicity,White,292,0.9467171717171717,0.9111884469696969,0.9747284002272361,0.9498830913118386,0.9166666666666666,0.9136363636363637
SVM-RBF,Age_band,45-65,299,0.949581589958159,0.9260696232872039,0.9727087797163555,0.9498830913118386,0.9166666666666666,0.9121338912133892
SVM-RBF,Age_band,<45,113,0.927719298245614,0.8712856600424536,0.973013648483259,0.9498830913118386,0.868421052631579,0.8666666666666667
SVM-RBF,Age_band,>65,101,0.9808080808080808,0.951330162085976,0.9985958254269449,0.9498830913118386,0.9090909090909091,0.9444444444444444
SVM-RBF,Cancer_Type,Breast,150,0.9586111111111111,0.920281224742072,0.985699152542373,0.9498830913118386,0.9,0.9166666666666666
SVM-RBF,Cancer_Type,Colorectal,98,0.9304109589041095,0.8531062801932366,0.9901308760683761,0.9498830913118386,0.88,0.9041095890410958
SVM-RBF,Cancer_Type,Lung,92,0.8954001260239445,0.8257229043321578,0.9627086900684931,0.9498830913118386,0.9130434782608695,0.855072463768116
SVM-RBF,Cancer_Type,Ovarian,64,0.9657142857142857,0.9146241258741259,0.9973958333333334,0.9498830913118386,0.8571428571428571,0.94
SVM-RBF,Cancer_Type,Pancreatic,48,0.9978991596638656,0.9868131868131869,1.0,0.9498830913118386,0.9285714285714286,0.9705882352941176
SVM-RBF,Cancer_Type,Prostate,62,0.9376114081996435,0.8585135400313972,0.9924445346320346,0.9498830913118386,0.9090909090909091,0.8823529411764706
Transformer,Sex,Female,287,0.9597952115645234,0.9376058289591833,0.9798047657666253,0.9521597341865617,0.9482758620689655,0.9170305676855895
Transformer,Sex,Male,240,0.9332758124820247,0.8876177435130315,0.9655118749726399,0.9521597341865617,0.9122807017543859,0.8360655737704918
Transformer,Ethnicity,Asian,49,0.9461538461538461,0.8333333333333333,1.0,0.9521597341865617,0.9,0.9230769230769231
Transformer,Ethnicity,Black,85,0.9433760683760684,0.8880192307692308,0.9844861405878192,0.9521597341865617,0.8461538461538461,0.8611111111111112
Transformer,Ethnicity,Hispanic,75,0.9402810304449649,0.8807658137882018,0.9865966118248065,0.9521597341865617,0.9285714285714286,0.8688524590163934
Transformer,Ethnicity,White,292,0.9484217171717172,0.9174750089810918,0.9750378632928159,0.9521597341865617,0.9305555555555556,0.8909090909090909
Transformer,Age_band,45-65,299,0.94581589958159,0.9208794170962104,0.9705270740804279,0.9521597341865617,0.9166666666666666,0.9163179916317992
Transformer,Age_band,<45,113,0.9368421052631579,0.8875102553304322,0.9804261954261955,0.9521597341865617,0.9210526315789473,0.7733333333333333
Transformer,Age_band,>65,101,0.9777777777777777,0.9444187062937063,0.9977920509442249,0.9521597341865617,1.0,0.9222222222222223
Transformer,Cancer_Type,Breast,150,0.9533333333333334,0.9163137053520485,0.9818724268914022,0.9521597341865617,0.9,0.9083333333333333
Transformer,Cancer_Type,Colorectal,98,0.9358904109589041,0.8622638609434384,0.9877342587152369,0.9521597341865617,0.92,0.9041095890410958
Transformer,Cancer_Type,Lung,92,0.9206049149338374,0.8597860859904092,0.9675498575498576,0.9521597341865617,0.9130434782608695,0.8115942028985508
Transformer,Cancer_Type,Ovarian,64,0.9571428571428571,0.9001776755852843,0.9954761904761904,0.9521597341865617,0.8571428571428571,0.92
Transformer,Cancer_Type,Pancreatic,48,1.0,0.9999999999999999,1.0,0.9521597341865617,1.0,0.9117647058823529
Transformer,Cancer_Type,Prostate,62,0.946524064171123,0.8827701465201465,0.9874292986425339,0.9521597341865617,1.0,0.8431372549019608
