Model,train_fraction,n_train,Train_AUC,Test_AUC
XGBoost,0.1,246,0.9817229890528318,0.917702436623185
SVM-RBF,0.1,246,0.937696335078534,0.9381306916071869
Transformer,0.1,246,0.9461208948119942,0.9012890721142013
XGBoost,0.25,613,0.977216672832655,0.9339158257445237
SVM-RBF,0.25,613,0.9526760389690466,0.9443145459020429
Transformer,0.25,613,0.9712510790479715,0.9269166871769629
XGBoost,0.5,1227,0.9587201757013079,0.941314915087374
SVM-RBF,0.5,1227,0.9366020073567244,0.9497754122569529
Transformer,0.5,1227,0.9379861927031737,0.9426993600787594
XGBoost,0.75,1842,0.9539463823409184,0.9473910903273445
SVM-RBF,0.75,1842,0.9337563019484945,0.9500061530888507
Transformer,0.75,1842,0.9303055593405096,0.944929854787103
XGBoost,1.0,2455,0.9526534230567755,0.9469142259414225
SVM-RBF,1.0,2455,0.9344525737925423,0.9498830913118386
Transformer,1.0,2455,0.9293360733905522,0.9521597341865617
