,gain_share
In_Functional_Domain_Yes,0.234561008197698
Family_History_Cancer_Yes,0.1225297793493608
PolyPhen2_Score,0.0835979669412492
REVEL_Score,0.08012911760070182
gnomAD_AF,0.06763987444717198
Variant_Type_Nonsense,0.05871104043464126
Variant_Type_Frameshift,0.04194195726677139
SIFT_Score,0.03970486779725773
HRD_Score,0.0392717610807545
GERP_RS,0.03427451099364233
Variant_Type_Missense,0.030148786486693304
CADD_Phred,0.02883713744153695
Variant_Type_Synonymous,0.028242573646301703
PhyloP_100way,0.022647405177519297
SpliceAI_Score,0.02107595534230811
Tumor_Mutational_Burden,0.016594812833753143
Age,0.013062375826943284
Variant_Type_Splice_site,0.012933766099704478
Variant_Allele_Freq,0.012766240870189035
Ki67_Index,0.011329062165801661
